<?xml version="1.0" encoding="UTF-8"?>
<root>
  <item name="me.yokeyword.fragmentation.SwipeBackLayout void setEdgeOrientation(int) 0">
    <annotation name="android.support.annotation.IntDef">
      <val name="value" val="{me.yokeyword.fragmentation.SwipeBackLayout.EDGE_LEFT, me.yokeyword.fragmentation.SwipeBackLayout.EDGE_RIGHT, me.yokeyword.fragmentation.SwipeBackLayout.EDGE_ALL}" />
    </annotation>
  </item>
  <item name="me.yokeyword.fragmentation.SwipeBackLayout.EdgeOrientation">
    <annotation name="android.support.annotation.IntDef">
      <val name="value" val="{me.yokeyword.fragmentation.SwipeBackLayout.EDGE_LEFT, me.yokeyword.fragmentation.SwipeBackLayout.EDGE_RIGHT, me.yokeyword.fragmentation.SwipeBackLayout.EDGE_ALL}" />
    </annotation>
  </item>
</root>

