<?xml version="1.0" encoding="UTF-8"?>
<root>
  <item name="me.yokeyword.fragmentation.ExtraTransaction void start(me.yokeyword.fragmentation.ISupportFragment, int) 1">
    <annotation name="android.support.annotation.IntDef">
      <val name="value" val="{me.yokeyword.fragmentation.ISupportFragment.STANDARD, me.yokeyword.fragmentation.ISupportFragment.SINGLETOP, me.yokeyword.fragmentation.ISupportFragment.SINGLETASK}" />
    </annotation>
  </item>
  <item name="me.yokeyword.fragmentation.ExtraTransaction.ExtraTransactionImpl void start(me.yokeyword.fragmentation.ISupportFragment, int) 1">
    <annotation name="android.support.annotation.IntDef">
      <val name="value" val="{me.yokeyword.fragmentation.ISupportFragment.STANDARD, me.yokeyword.fragmentation.ISupportFragment.SINGLETOP, me.yokeyword.fragmentation.ISupportFragment.SINGLETASK}" />
    </annotation>
  </item>
  <item name="me.yokeyword.fragmentation.Fragmentation void setMode(int) 0">
    <annotation name="android.support.annotation.IntDef">
      <val name="value" val="{me.yokeyword.fragmentation.Fragmentation.NONE, me.yokeyword.fragmentation.Fragmentation.SHAKE, me.yokeyword.fragmentation.Fragmentation.BUBBLE}" />
    </annotation>
  </item>
  <item name="me.yokeyword.fragmentation.Fragmentation.FragmentationBuilder me.yokeyword.fragmentation.Fragmentation.FragmentationBuilder stackViewMode(int) 0">
    <annotation name="android.support.annotation.IntDef">
      <val name="value" val="{me.yokeyword.fragmentation.Fragmentation.NONE, me.yokeyword.fragmentation.Fragmentation.SHAKE, me.yokeyword.fragmentation.Fragmentation.BUBBLE}" />
    </annotation>
  </item>
  <item name="me.yokeyword.fragmentation.ISupportFragment.LaunchMode">
    <annotation name="android.support.annotation.IntDef">
      <val name="value" val="{me.yokeyword.fragmentation.ISupportFragment.STANDARD, me.yokeyword.fragmentation.ISupportFragment.SINGLETOP, me.yokeyword.fragmentation.ISupportFragment.SINGLETASK}" />
    </annotation>
  </item>
  <item name="me.yokeyword.fragmentation.SupportActivityDelegate void start(me.yokeyword.fragmentation.ISupportFragment, int) 1">
    <annotation name="android.support.annotation.IntDef">
      <val name="value" val="{me.yokeyword.fragmentation.ISupportFragment.STANDARD, me.yokeyword.fragmentation.ISupportFragment.SINGLETOP, me.yokeyword.fragmentation.ISupportFragment.SINGLETASK}" />
    </annotation>
  </item>
  <item name="me.yokeyword.fragmentation.SupportFragmentDelegate void start(me.yokeyword.fragmentation.ISupportFragment, int) 1">
    <annotation name="android.support.annotation.IntDef">
      <val name="value" val="{me.yokeyword.fragmentation.ISupportFragment.STANDARD, me.yokeyword.fragmentation.ISupportFragment.SINGLETOP, me.yokeyword.fragmentation.ISupportFragment.SINGLETASK}" />
    </annotation>
  </item>
  <item name="me.yokeyword.fragmentation.SupportFragmentDelegate void startChild(me.yokeyword.fragmentation.ISupportFragment, int) 1">
    <annotation name="android.support.annotation.IntDef">
      <val name="value" val="{me.yokeyword.fragmentation.ISupportFragment.STANDARD, me.yokeyword.fragmentation.ISupportFragment.SINGLETOP, me.yokeyword.fragmentation.ISupportFragment.SINGLETASK}" />
    </annotation>
  </item>
</root>

